date	total_cases	new_cases_smoothed	new_cases	total_deaths	new_deaths_smoothed	new_deaths
2020-02-07						
2020-02-08						
2020-02-09						
2020-02-10						
2020-02-11						
2020-02-12						
2020-02-13						
2020-02-14	1		1			
2020-02-15	1		0			
2020-02-16	1		0			
2020-02-17	1		0			
2020-02-18	1		0			
2020-02-19	1	0.143	0			
2020-02-20	1	0.143	0			
2020-02-21	1	0	0			
2020-02-22	1	0	0			
2020-02-23	1	0	0			
2020-02-24	1	0	0			
2020-02-25	2	0	1			
2020-02-26	2	0	0			
2020-02-27	2	0	0			
2020-02-28	3	0	1			
2020-02-29	3	0	0			
2020-03-01	4	0.286	1			
2020-03-02	8	0.572	4			
2020-03-03	11	0.714	3			
2020-03-04	21	1.857	10			
2020-03-05	24	2	3			
2020-03-06	43	4.286	19			
2020-03-07	43	5.143	0			
2020-03-08	83	10.142	40	1		1
2020-03-09	91	11.001	8	1		0
2020-03-10	104	12.715	13	2		1
2020-03-11	118	13.286	14	2		0
2020-03-12	134	15.143	16	3		1
2020-03-13	176	17.858	42	6	0.286	3
2020-03-14	252	27.287	76	7	0.286	1
2020-03-15	317	29.143	65	8	0.286	1
2020-03-16	404	39	87	8	0.286	0
2020-03-17	492	48.428	88	11	1.143	3
2020-03-18	610	62.286	118	17	2	6
2020-03-19	788	87.286	178	20	2.143	3
2020-03-20	970	108.577	182	26	2.429	6
2020-03-21	1170	125.288	206	35	3.143	9
2020-03-22	1423	153.002	253	46	4	11
2020-03-23	1806	196.004	383	55	5.286	9
2020-03-24	2244	245.002	438	62	6	7
2020-03-25	2767	305.001	523	73	6	11
2020-03-26	3293	356.717	526	91	8.857	18
2020-03-27	3873	413.572	580	115	11	24
2020-03-28	4216	431.861	343	134	12.857	19
2020-03-29	4780	476.716	564	151	12.571	17
2020-03-30	5175	480.857	395	172	15.144	21
2020-03-31	5761	501.426	586	198	17.43	26
2020-04-01	6360	512.14	599	233	21.429	35
2020-04-02	7016	530.147	656	285	25.715	52
2020-04-03	7897	573.142	881	331	29.716	46
2020-04-04	8579	621.712	682	382	34.288	51
2020-04-05	9264	639.857	685	442	39.859	60
2020-04-06	9980	685.001	716	487	43.145	45
2020-04-07	10608	691.573	628	533	46.858	46
2020-04-08	11414	721.143	806	573	47.428	40
2020-04-09	12207	740.57	793	627	47.571	54
2020-04-10	12901	714.287	694	690	50.716	63
2020-04-11	13615	719.428	714	742	50.718	52
2020-04-12	14484	745.714	869	788	49.002	46
2020-04-13	15256	753.715	772	833	49.004	45
2020-04-14	16227	802.714	971	873	48.146	40
2020-04-15	17192	825.428	965	910	47.86	37
2020-04-16	18360	878.999	1168	965	47.859	55
2020-04-17	19763	980.286	1403	1015	45.716	50
2020-04-18	21071	1064.857	1309	1058	44.573	43
2020-04-19	22268	1112.14	1197	1120	46.572	62
2020-04-20	23431	1168.001	1163	1159	46.43	39
2020-04-21	24507	1182.999	1076	1189	45.144	30
2020-04-22	25910	1245.572	1403	1240	47.002	51
2020-04-23	27347	1283.998	1437	1297	47.144	57
2020-04-24	29052	1327.142	1705	1324	43.718	27
2020-04-25	30296	1317.855	1244	1372	44.43	48
2020-04-26	31828	1365.718	1532	1422	42.287	50
2020-04-27	33165	1390.573	1337	1461	42.429	39
2020-04-28	34784	1468.141	1619	1522	47.143	61
2020-04-29	36807	1556.712	2023	1588	49.287	66
2020-04-30	38753	1629.286	1946	1634	47.288	46
2020-05-01	40468	1630.713	1715	1690	51.431	56
2020-05-02	42705	1771.858	2243	1759	53.717	69
2020-05-03	44297	1781.712	1592	1796	53.288	37
2020-05-04	46951	1969.857	2654	1842	54.001	46
2020-05-05	48993	2030.711	2042	1906	54.432	64
2020-05-06	51535	2104.857	2542	2006	59.573	100
2020-05-07	54022	2182.14	2487	2073	62.571	67
2020-05-08	57647	2454.999	3625	2154	66.142	81
2020-05-09	60507	2543.142	2860	2221	65.859	67
2020-05-10	63086	2684.144	2579	2290	70.429	69
2020-05-11	66145	2736.714	3066	2344	71.717	54
2020-05-12	69312	2903.715	3167	2395	69.861	51
2020-05-13	72226	2956.715	2914	2493	69.573	98
2020-05-14	75344	3046.856	3118	2562	69.859	69
2020-05-15	78270	2946.999	2926	2624	66.571	62
2020-05-16	81273	2967.427	3003	2708	68.999	84
2020-05-17	84587	3072.433	3314	2758	66.142	50
2020-05-18	88255	3158.573	3668	2831	68.859	73
2020-05-19	91266	3164.431	3220	2906	72.146	75
2020-05-20	95057	3291.427	3791	2990	70.716	84
2020-05-21	99752	3516.712	4799	3095	75.861	105
2020-05-22	103620	3666.145	3868	3183	79.86	88
2020-05-23	107485	3789.283	3865	3255	78.002	72
2020-05-24	111605	3904.427	4120	3354	85.002	99
2020-05-25	115733	3970.148	4128	3479	92.287	125
2020-05-26	119444	4040.286	3711	3591	97.574	112
2020-05-27	124524	4224.429	5080	3698	100.859	107
2020-05-28	129440	4241.142	4916	3791	99.144	93
2020-05-29	135186	4509.429	5746	3922	105.286	131
2020-05-30	141304	4831.285	6118	4069	116.144	147
2020-05-31	146551	4992.284	5247	4222	123.858	153
2020-06-01	152336	5229	5785	4343	123.288	121
2020-06-02	157214	5395.715	4878	4493	128.571	150
2020-06-03	162311	5398.145	5097	4601	128.714	108
2020-06-04	169417	5710.997	7106	4756	137.858	155
2020-06-05	176603	5916.715	7186	4913	141.574	157
2020-06-06	183202	5985.427	6599	5055	140.857	142
2020-06-07	189536	6140.716	6334	5188	138	133
2020-06-08	196187	6264.43	6651	5363	145.715	175
2020-06-09	202657	6491.857	6470	5537	149.144	174
2020-06-10	209202	6698.714	6545	5688	155.287	151
2020-06-11	216605	6741.145	7403	5851	156.431	163
2020-06-12	224684	6868.716	8079	6049	162.287	198
2020-06-13	232771	7081.287	8087	6253	171.148	204
2020-06-14	241551	7430.719	8780	6459	181.574	206
2020-06-15	251144	7851	9593	6761	199.715	302
2020-06-16	258786	8018.428	7642	7015	211.148	254
2020-06-17	267522	8331.426	8736	7218	218.575	203
2020-06-18	275757	8450.285	8235	7419	224.003	201
2020-06-19	285570	8697.998	9813	7682	233.289	263
2020-06-20	296919	9164.002	11349	7918	237.86	236
2020-06-21	306356	9257.857	9437	8114	236.434	196
2020-06-22	315343	9171.289	8987	8338	225.288	224
2020-06-23	324419	9376.147	9076	8620	229.288	282
2020-06-24	335768	9749.431	11349	8855	233.859	235
2020-06-25	347710	10278.999	11942	9069	235.715	214
2020-06-26	359308	10533.995	11598	9282	228.573	213
2020-06-27	371545	10660.857	12237	9484	223.716	202
2020-06-28	382153	10828.143	10608	9663	221.286	179
2020-06-29	393283	11134.281	11130	9877	219.854	214
2020-06-30	404891	11496	11608	10146	218.003	269
2020-07-01	418104	11762.286	13213	10404	221.284	258
2020-07-02	432306	12085.143	14202	10643	224.856	239
2020-07-03	447466	12594.001	15160	10882	228.574	239
2020-07-04	462951	13058	15485	11083	228.429	201
2020-07-05	476586	13490.43	13635	11363	242.86	280
2020-07-06	490326	13863.284	13740	11610	247.572	247
2020-07-07	507792	14700.141	17466	11975	261.286	365
2020-07-08	522535	14918.714	14743	12232	261.142	257
2020-07-09	541725	15631.288	19190	12457	259.001	225
2020-07-10	559430	15994.857	17705	12763	268.427	306
2020-07-11	578216	16466.425	18786	12988	271.858	225
2020-07-12	594933	16906.712	16717	13241	267.861	253
2020-07-13	611002	17239.43	16069	13463	264.145	222
2020-07-14	625452	16808.573	14450	13762	255.001	299
2020-07-15	643484	17278.431	18032	13988	250.859	226
2020-07-16	663929	17457.714	20445	14356	271.287	368
2020-07-17	683468	17719.715	19539	14672	272.714	316
2020-07-18	702480	17752.002	19012	14953	280.716	281
2020-07-19	721049	18016.571	18569	15169	275.432	216
2020-07-20	736561	17936.999	15512	15423	280.003	254
2020-07-21	750440	17855.428	13879	15737	282.145	314
2020-07-22	770049	18080.715	19609	16445	351.002	708
2020-07-23	788518	17798.573	18470	16713	336.717	268
2020-07-24	810613	18163.713	22095	17104	347.291	391
2020-07-25	828757	18039.712	18144	17521	366.719	417
2020-07-26	847065	18002.43	18308	17765	370.571	244
2020-07-27	860515	17703.998	13454	18175	392.856	410
2020-07-28	874016	17654.428	13501	18497	394	322
2020-07-29	891656	17373.148	17640	18864	345.576	367
2020-07-30	909073	17222.716	17417	19317	369.574	456
2020-07-31	928075	16780.857	19002	19680	368.431	363
2020-08-01	944997	16606.286	16922	19974	350.858	294
2020-08-02	957731	15809.998	12734	20304	363.146	330
2020-08-03	968595	15440.004	10864	20626	350.574	322
2020-08-04	978515	14928.424	9920	21099	372.143	473
2020-08-05	993874	14602.575	15359	21638	396.715	539
2020-08-06	1008204	14161.573	14330	22069	393.145	431
2020-08-07	1021693	13374	13489	22508	404.004	439
2020-08-08	1035915	12988.283	14222	22920	420.859	412
2020-08-09	1048272	12934.428	12357	23279	425.001	359
2020-08-10	1057404	12686.998	9132	23598	424.574	319
2020-08-11	1065279	12394.858	7875	23865	395.146	267
2020-08-12	1074535	11523.001	9256	24274	376.577	409
2020-08-13	1084940	10962.291	10405	24682	373.288	408
2020-08-14	1097484	10827.285	12544	25098	370.002	416
2020-08-15	1109296	10483	11812	25338	345.427	240
2020-08-16	1119254	10140.286	9958	25633	336.287	295
2020-08-17	1128106	10100.282	8852	25897	328.429	264
2020-08-18	1136758	10211.285	8652	26312	349.571	415
2020-08-19	1147648	10444.716	10890	26640	338.003	328
2020-08-20	1158260	10474.286	10612	26977	327.86	337
2020-08-21	1168533	10149.858	10273	27329	318.715	352
2020-08-22	1178966	9952.859	10433	27603	323.573	274
2020-08-23	1188019	9823.571	9053	27785	307.432	182
2020-08-24	1195531	9530.283	7612	28005	301.144	220
2020-08-25	1203068	9487.142	7537	28288	282.285	283
2020-08-26	1211924	9196.573	8856	28607	281.002	319
2020-08-27	1220472	8901.713	8548	28860	269.002	253
2020-08-28	1228581	8592.571	8109	29091	251.717	231
2020-08-29	1236945	8297.003	8364	29422	259.86	331
2020-08-30	1245415	8213.712	8470	29586	257.288	164
2020-08-31	1252228	8099.569	6813	29812	258.146	226
2020-09-01	1259391	8046.141	7163	30054	252.29	242
2020-09-02	1268105	8025.853	8714	30319	244.575	265
2020-09-03	1275851	7911.286	7746	30616	250.857	297
2020-09-04	1284430	7978.43	8579	30854	251.572	239
2020-09-05	1291822	7839.573	7392	31079	236.861	225
2020-09-06	1299644	7746.998	7822	31303	245.432	224
2020-09-07	1306517	7755.285	6873	31521	244.291	218
2020-09-08	1314196	7828.999	7679	31747	242.003	226
2020-09-09	1322490	7769.001	8294	31939	231.574	192
2020-09-10	1330538	7812.141	8048	32124	218.288	216
2020-09-11	1339233	7828.713	8695	32355	218.858	231
2020-09-12	1346641	7831.284	7408	32501	207.573	146
2020-09-13	1353386	7677.426	6745	32622	192.858	121
2020-09-14	1359867	7621.429	6481	32793	186.145	171
2020-09-15	1366423	7460.997	6556	33070	193.429	277
2020-09-16	1373750	7322.861	7327	33249	191.572	179
2020-09-17	1382352	7402.001	8602	33428	186.286	179
2020-09-18	1390520	7326.713	8168	33621	180.861	193
2020-09-19	1399248	7515.288	8728	33823	188.856	202
2020-09-20	1407668	7754.571	8420	33956	190.57	133
2020-09-21	1413814	7706.715	6146	34082	184.145	126
2020-09-22	1420652	7746.998	6838	34322	178.858	240
2020-09-23	1429378	7946.857	8726	34531	183.144	209
2020-09-24	1437564	7887.431	8186	34706	182.571	175
2020-09-25	1445542	7860.283	7978	34860	177.003	154
2020-09-26	1451954	7529.429	6412	35028	172.146	168
2020-09-27	1460322	7521.999	8368	35163	172.432	135
2020-09-28	1465989	7453.573	5667	35457	196.43	294
2020-09-29	1473500	7549.713	7511	35674	193.146	217
2020-09-30	1481930	7507.427	8430	35863	190.29	189
2020-10-01	1489195	7375.854	7265	36080	196.289	217
2020-10-02	1498044	7500.286	8849	36229	195.573	149
2020-10-03	1506872	7845.428	8828	36340	187.433	111
2020-10-04	1514965	7806.141	8093	36510	192.431	170
2020-10-05	1519672	7668.999	4707	36638	168.715	128
2020-10-06	1526267	7538.146	6595	36826	164.574	188
2020-10-07	1536821	7841.572	10554	37095	176.002	269
2020-10-08	1547725	8361.429	10904	37393	184.287	301
2020-10-09	1556288	8320.571	8563	37629	200.43	236
2020-10-10	1569819	8992.426	13531	37900	223.288	271
2020-10-11	1578797	9118.859	8978	38108	228.718	208
2020-10-12	1584674	9286.002	5877	38301	238.002	193
2020-10-13	1592514	9463.859	7840	38572	249.861	271
2020-10-14	1604026	9600.716	11512	38835	249.003	263
2020-10-15	1613133	9344	9107	39089	242.288	254
2020-10-16	1623813	9646.429	10680	39296	238.145	207
2020-10-17	1638080	9751.574	14267	39561	237.288	265
2020-10-18	1646273	9639.429	8193	39746	234.003	185
2020-10-19	1655958	10183.431	9685	39930	232.717	184
2020-10-20	1665745	10461.572	9787	40228	236.576	298
2020-10-21	1676224	10314.002	10479	40480	235.002	252
2020-10-22	1687190	10579.573	10966	40696	229.574	216
2020-10-23	1697608	10542.145	10418	40920	232.004	224
2020-10-24	1709369	10184.143	11761	41143	226.002	223
2020-10-25	1718465	10313.143	9096	41259	216.144	116
2020-10-26	1729156	10456.855	10691	41607	239.574	348
2020-10-27	1737828	10297.567	8672	41789	223.003	182
2020-10-28	1749731	10500.998	11903	42135	236.43	346
2020-10-29	1760797	10515.29	11066	42337	234.432	202
2020-10-30	1774401	10970.428	13604	42629	244.148	292
2020-10-31	1785475	10872.287	11074	42853	244.289	224
2020-11-01	1795768	11043.287	10293	43175	273.715	322
2020-11-02	1803344	10598.287	7576	43389	254.576	214
2020-11-03	1814219	10912.999	10875	43705	273.717	316
2020-11-04	1828228	11213.859	14009	43940	257.861	235
2020-11-05	1843619	11831.715	15391	44244	272.434	304
2020-11-06	1855337	11562.284	11718	44467	262.575	223
2020-11-07	1870356	12125.857	15019	44845	284.575	378
2020-11-08	1882860	12441.715	12504	45360	311.002	516
2020-11-09	1891757	12630.431	8897	45609	317.287	249
2020-11-10	1904921	12957.429	13164	45950	320.859	341
2020-11-11	1918938	12958.572	14017	46282	334.718	332
2020-11-12	1934695	13010.858	15757	46551	329.715	269
2020-11-13	1949358	13431.573	14663	46831	337.86	280
2020-11-14	1963445	13298.43	14087	47066	317.429	235
2020-11-15	1976005	13306.429	12560	47362	286.002	296
2020-11-16	1986322	13509.286	10317	47641	290.289	279
2020-11-17	1999195	13467.715	12873	48034	297.718	393
2020-11-18	2014480	13648.862	15285	48426	306.289	392
2020-11-19	2028406	13387.287	13926	48702	307.289	276
2020-11-20	2044150	13541.713	15744	49114	326.143	412
2020-11-21	2057507	13437.432	13357	49428	337.431	314
2020-11-22	2070302	13471.002	12795	49718	336.57	290
2020-11-23	2080377	13436.426	10075	49987	335.145	269
2020-11-24	2092881	13383.715	12504	50331	328.145	344
2020-11-25	2107527	13292.425	14646	50646	317.144	315
2020-11-26	2121460	13293.427	13933	50944	320.289	298
2020-11-27	2137499	13335.568	16039	51264	307.149	320
2020-11-28	2150900	13341.857	13401	51499	295.86	235
2020-11-29	2163977	13382.145	13077	51723	286.429	224
2020-11-30	2174318	13420.142	10341	51992	286.431	269
2020-12-01	2185155	13182.002	10837	52250	274.144	258
2020-12-02	2201566	13434.14	16411	52580	276.286	330
2020-12-03	2217208	13678.284	15642	52847	271.86	267
2020-12-04	2235176	13953.858	17968	53277	287.572	430
2020-12-05	2249944	14149.14	14768	53564	295.002	287
2020-12-06	2263420	14206.142	13476	53870	306.715	306
2020-12-07	2274054	14248.001	10634	54118	303.714	248
2020-12-08	2287309	14593.432	13255	54520	324.288	402
2020-12-09	2306706	15020.002	19397	54870	327.144	350
2020-12-10	2325841	15519.002	19135	55264	345.287	394
2020-12-11	2344920	15677.713	19079	55662	340.716	398
2020-12-12	2363057	16159	18137	55988	346.289	326
2020-12-13	2379283	16551.861	16226	56334	352.005	346
2020-12-14	2390688	16661.999	11405	56645	361	311
2020-12-15	2408675	17338.003	17987	57072	364.571	427
2020-12-16	2429803	17557.572	21162	57418	364.001	346
2020-12-17	2450322	17787.856	20519	57814	364.285	396
2020-12-18	2469642	17822.288	19320	58310	378.288	496
2020-12-19	2490910	18269.572	21268	58759	395.859	449
2020-12-20	2509336	18583.855	18426	59099	395.001	340
2020-12-21	2526123	19352.714	16787	59528	411.857	429
2020-12-22	2546110	19638.427	19987	60057	426.287	529
2020-12-23	2571857	20293.425	25747	60877	494	820
2020-12-24	2598902	21225.715	27045	61431	516.57	554
2020-12-25	2624687	22149.285	25785	61955	520.574	524
2020-12-26	2646070	22165.714	21383	62374	516.29	419
2020-12-27	2664745	22201.288	18675	62806	529.575	432
2020-12-28	2679944	21974.428	15199	63351	546.145	545
2020-12-29	2700072	21994.569	20128	64068	573.001	717
2020-12-30	2730665	22686.856	30593	64769	556.003	701
2020-12-31	2760454	23078.857	29789	65468	576.717	699
2021-01-01	2788203	23359.429	27749	66126	595.859	658
2021-01-02	2811093	23574.716	22890	66641	609.575	515
2021-01-03	2833088	24049.002	21995	67246	634.288	605
2021-01-04	2854863	24988.427	21775	67930	654.145	684
2021-01-05	2881708	25948	26845	68751	668.859	821
2021-01-06	2917497	26690.283	35789	69861	727.287	1110
2021-01-07	2952934	27497.141	35437	70550	725.857	689
2021-01-08	2989374	28738.714	36440	71460	761.859	910
2021-01-09	3024446	30478.998	35072	72117	782.145	657
2021-01-10	3056084	31856.571	31638	72711	780.715	594
2021-01-11	3084082	32745.574	27998	73392	780.285	681
2021-01-12	3110152	32634.858	26070	74467	816.572	1075
2021-01-13	3144213	32388.002	34061	75688	832.429	1221
2021-01-14	3178460	32218.002	34247	76741	884.429	1053
2021-01-15	3210018	31520.571	31558	77646	883.716	905
2021-01-16	3237546	30442.856	27528	78308	884.43	662
2021-01-17	3264174	29727.143	26628	78906	885.002	598
2021-01-18	3286590	28906.429	22417	79632	891.43	726
2021-01-19	3310074	28560.428	23484	80834	909.572	1202
2021-01-20	3338410	27742.573	28336	81756	866.859	922
2021-01-21	3366360	26843.002	27950	82782	863.003	1026
2021-01-22	3392340	26046.145	25980	83755	872.714	973
2021-01-23	3419704	26022.713	27364	84537	889.856	782
2021-01-24	3439885	25101.715	20181	85184	896.857	647
2021-01-25	3456519	24275.573	16634	85955	903.288	771
2021-01-26	3475126	23578.856	18607	86938	861.146	1017
2021-01-27	3495987	22511.002	20861	87989	895.288	1051
2021-01-28	3516765	21486.426	20778	88985	891.002	996
2021-01-29	3535971	20518.715	19206	89831	872.861	846
2021-01-30	3553839	19162.144	17868	90445	848.859	614
2021-01-31	3569601	18530.856	15762	90970	831.43	525
2021-02-01	3582291	17967.431	12690	91479	794.001	509
2021-02-02	3597115	17426.999	14824	92363	775.001	884
2021-02-03	3612577	16655.716	15462	93073	726.286	710
2021-02-04	3629043	16039.713	16466	93640	665.002	567
2021-02-05	3644975	15572.003	15932	94187	622.29	547
2021-02-06	3658315	14925.143	13340	94734	612.717	547
2021-02-07	3670256	14379.29	11941	95091	588.715	357
2021-02-08	3681607	14188	11351	95535	579.431	444
2021-02-09	3692899	13683.43	11292	96234	553.002	699
2021-02-10	3706026	13349.857	13127	96770	528.144	536
2021-02-11	3717944	12700.145	11918	97265	517.858	495
2021-02-12	3731845	12410.004	13901	97830	520.427	565
2021-02-13	3742776	12065.859	10931	98181	492.429	351
2021-02-14	3753191	11847.858	10415	98475	483.424	294
2021-02-15	3763031	11631.999	9840	98945	487.142	470
2021-02-16	3773025	11446.571	9994	99410	453.716	465
2021-02-17	3785191	11309.287	12166	99812	434.573	402
2021-02-18	3799239	11613.571	14048	100325	437.145	513
2021-02-19	3810283	11205.431	11044	100709	411.288	384
2021-02-20	3819822	11006.57	9539	100999	402.57	290
2021-02-21	3829333	10877.429	9511	101336	408.714	337
2021-02-22	3838352	10760.141	9019	101671	389.427	335
2021-02-23	3846104	10439.858	7752	102142	390.285	471
2021-02-24	3856590	10199.854	10486	102468	379.426	326
2021-02-25	3868956	9959.572	12366	102825	357.143	357
2021-02-26	3880035	9964.571	11079	103142	347.57	317
2021-02-27	3887867	9720.72	7832	103481	354.573	339
2021-02-28	3897281	9706.856	9414	103706	338.575	225
2021-03-01	3906070	9674.001	8789	104021	335.714	315
2021-03-02	3913621	9645.287	7551	104384	320.281	363
2021-03-03	3924485	9699.289	10864	104660	313.141	276
2021-03-04	3937063	9729.573	12578	104991	309.429	331
2021-03-05	3945600	9366.426	8537	105216	296.286	225
2021-03-06	3955555	9669.714	9955	105481	285.715	265
2021-03-07	3964028	9535.287	8473	105712	286.573	231
2021-03-08	3973315	9606.429	9287	106091	295.713	379
2021-03-09	3981120	9642.714	7805	106380	285.144	289
2021-03-10	3991541	9579.431	10421	106681	288.713	301
2021-03-11	4006762	9957	15221	107004	287.573	323
2021-03-12	4016631	10147.288	9869	107232	288.001	228
2021-03-13	4026961	10200.86	10330	107526	292.147	294
2021-03-14	4035519	10213.002	8558	107777	295.003	251
2021-03-15	4044037	10103.144	8518	108086	285.001	309
2021-03-16	4053080	10280.005	9043	108394	287.716	308
2021-03-17	4064067	10360.854	10987	108671	284.286	277
2021-03-18	4075369	9801.002	11302	108932	275.429	261
2021-03-19	4087990	10194.146	12621	109477	320.714	545
2021-03-20	4097237	10039.429	9247	109674	306.86	197
2021-03-21	4106372	10121.857	9135	109903	303.72	229
2021-03-22	4116081	10291.998	9709	110163	296.721	260
2021-03-23	4124678	10228.282	8597	110485	298.716	322
2021-03-24	4135500	10204.718	10822	110805	304.86	320
2021-03-25	4148074	10386.427	12574	111193	323.003	388
2021-03-26	4166506	11216.572	18432	111535	294.003	342
2021-03-27	4176105	11266.857	9599	111728	293.431	193
2021-03-28	4185014	11234.574	8909	111911	286.859	183
2021-03-29	4194759	11239.718	9745	112225	294.572	314
2021-03-30	4204543	11409.284	9784	112502	288.144	277
2021-03-31	4217242	11677.427	12699	112755	278.572	253
2021-04-01	4239521	13063.86	22279	113165	281.715	410
2021-04-02	4252592	12298.006	13071	113411	267.999	246
2021-04-03	4261395	12184.286	8803	113579	264.427	168
2021-04-04	4270946	12276.003	9551	113851	277.144	272
2021-04-05	4280169	12201.427	9223	114081	265.145	230
2021-04-06	4289781	12176.856	9612	114317	259.288	236
2021-04-07	4301440	12028.285	11659	114584	261.288	267
2021-04-08	4318253	11247.431	16813	114935	252.859	351
2021-04-09	4330814	11174.573	12561	115198	255.286	263
2021-04-10	4340528	11304.713	9714	115421	263.148	223
2021-04-11	4350270	11331.999	9742	115710	265.573	289
2021-04-12	4360482	11473.286	10212	115970	269.859	260
2021-04-13	4370255	11496.284	9773	116377	294.291	407
2021-04-14	4384177	11819.57	13922	116745	308.716	368
2021-04-15	4396821	11223.999	12644	117059	303.428	314
2021-04-16	4408875	11151.572	12054	117366	309.717	307
2021-04-17	4422234	11672.287	13359	117646	317.861	280
2021-04-18	4431585	11616.429	9351	117898	312.576	252
2021-04-19	4440334	11407.428	8749	118197	318.146	299
2021-04-20	4450456	11457.287	10122	118608	318.715	411
2021-04-21	4462323	11163.711	11867	118919	310.575	311
2021-04-22	4474793	11138.856	12470	119225	309.429	306
2021-04-23	4486858	11140.427	12065	119603	319.574	378
2021-04-24	4497010	10682.283	10152	119840	313.431	237
2021-04-25	4506469	10697.716	9459	120131	319.002	291
2021-04-26	4513330	10427.998	6861	120427	318.576	296
2021-04-27	4523129	10381.858	9799	120793	312.141	366
2021-04-28	4532627	10043.429	9498	121133	316.288	340
2021-04-29	4548225	10490.287	15598	121529	329.147	396
2021-04-30	4557665	10115.286	9440	121782	311.288	253
2021-05-01	4565640	9804.285	7975	122066	318.002	284
2021-05-02	4571864	9342.144	6224	122297	309.431	231
2021-05-03	4578772	9348.859	6908	122554	303.858	257
2021-05-04	4586043	8987.717	7271	122889	299.431	335
2021-05-05	4595670	9006.144	9627	123233	300.001	344
2021-05-06	4608947	8674.572	13277	123616	298.146	383
2021-05-07	4618317	8664.572	9370	123905	303.285	289
2021-05-08	4624709	8438.428	6392	124137	295.857	232
2021-05-09	4634434	8938.569	9725	124394	299.572	257
2021-05-10	4641423	8950.141	6989	124745	313	351
2021-05-11	4648679	8914.284	7272	125059	310.001	314
2021-05-12	4657710	8865.142	9031	125365	304.574	306
2021-05-13	4666348	8202.429	8638	125595	282.718	230
2021-05-14	4674516	8030.716	8168	125846	277.288	251
2021-05-15	4681507	8116.29	6991	126086	278.429	240
2021-05-16	4688660	7748.856	7153	126309	273.573	223
2021-05-17	4695989	7797.429	7329	126567	260.288	258
2021-05-18	4706665	8283.711	10676	126889	261.433	322
2021-05-19	4716849	8448.427	10184	127244	268.431	355
2021-05-20	4728357	8858.428	11508	127614	288.429	370
2021-05-21	4738523	9143.86	10166	127986	305.717	372
2021-05-22	4748511	9571.997	9988	128195	301.289	209
2021-05-23	4756650	9712.857	8139	128396	298.148	201
2021-05-24	4765148	9879.857	8498	128676	301.29	280
2021-05-25	4770971	9186.57	5823	128955	295.146	279
2021-05-26	4785177	9761.143	14206	129259	287.859	304
2021-05-27	4796870	9787.571	11693	129549	276.429	290
2021-05-28	4809318	10113.569	12448	129849	266.144	300
2021-05-29	4821185	10381.999	11867	130102	272.43	253
2021-05-30	4827149	10071.289	5964	130303	272.432	201
2021-05-31	4840335	10741.003	13186	130634	279.717	331
2021-06-01	4850455	11354.858	10120	130954	285.574	320
2021-06-02	4864277	11300.003	13822	131265	286.574	311
2021-06-03	4879108	11748.287	14831	131516	281.003	255
2021-06-04	4894045	12103.858	14937	131794	278.427	278
2021-06-05	4906753	12224.001	12708	132052	279.144	258
2021-06-06	4919482	13190.429	12729	132300	285.856	248
2021-06-07	4930888	12936.142	11406	132578	278.289	278
2021-06-08	4943882	13346.715	12994	132992	291.716	414
2021-06-09	4962399	14017.428	18517	133356	299.286	364
2021-06-10	4984142	15004.858	21743	133674	308.288	318
2021-06-11	5004040	15713.574	19898	134054	322.861	380
2021-06-12	5024899	16878.001	20859	134387	333.574	333
2021-06-13	5041812	17475.714	16913	134659	337	272
2021-06-14	5057434	18078.002	15622	134995	345.29	336
2021-06-15	5077285	19057.573	19851	135470	354.004	475
2021-06-16	5103584	20169.289	26299	135887	361.571	417
2021-06-17	5130862	20959.996	27278	136270	370.858	383
2021-06-18	5154967	21560.999	24105	136661	372.432	391
2021-06-19	5178707	21972.574	23740	137078	384.434	417
2021-06-20	5201715	22843.286	23008	137458	399.859	380
2021-06-21	5225514	24011.424	23799	137947	421.718	489
2021-06-22	5248270	24426.429	22756	138582	444.573	635
2021-06-23	5281149	25366.427	32879	139088	457.287	506
2021-06-24	5315211	26335.571	34062	139635	480.715	547
2021-06-25	5350294	27903.857	35083	140163	500.286	528
2021-06-26	5384903	29456.574	34609	140655	511	492
2021-06-27	5412413	30099.713	27510	141103	520.716	448
2021-06-28	5437341	30261	24928	141633	526.574	530
2021-06-29	5465715	31063.575	28374	142154	510.289	521
2021-06-30	5504517	31909.715	38802	142935	549.573	781
2021-07-01	5547435	33174.855	42918	143728	584.716	793
2021-07-02	5590594	34328.573	43159	144411	606.858	683
2021-07-03	5634070	35595.29	43476	144899	606.287	488
2021-07-04	5665813	36200.003	31743	145525	631.718	626
2021-07-05	5694101	36679.999	28288	147038	772.147	1513
2021-07-06	5730971	37893.714	36870	147872	816.86	834
2021-07-07	5775395	38696.855	44424	148686	821.575	814
2021-07-08	5822709	39324.856	47314	149596	838.289	910
2021-07-09	5869318	39817.711	46609	150470	865.574	874
2021-07-10	5914784	40102	45466	151160	894.431	690
2021-07-11	5950237	40632.001	35453	151769	891.999	609
2021-07-12	5984742	41520.143	34505	152397	765.57	628
2021-07-13	6023217	41749.428	38475	153482	801.431	1085
2021-07-14	6067426	41718.715	44209	154541	836.431	1059
2021-07-15	6116036	41903.855	48610	155442	835.142	901
2021-07-16	6157434	41159.429	41398	156446	853.717	1004
2021-07-17	6196482	40242.573	39048	157219	865.57	773
2021-07-18	6232495	40322.572	36013	157893	874.856	674
2021-07-19	6262730	39712.571	30235	158616	888.43	723
2021-07-20	6296298	39011.57	33568	159664	883.145	1048
2021-07-21	6329697	37467.286	33399	160590	864.143	926
2021-07-22	6368329	36041.856	38632	161583	877.287	993
2021-07-23	6399995	34651.57	31666	162382	847.999	799
2021-07-24	6435571	34155.57	35576	163456	890.999	1074
2021-07-25	6468603	33729.715	33032	164341	921.143	885
2021-07-26	6502405	34239.288	33802	165239	946.144	898
2021-07-27	6533847	33935.569	31442	166100	919.432	861
2021-07-28	6582471	36110.57	48624	167111	931.572	1011
2021-07-29	6630107	37396.853	47636	168401	974.002	1290
2021-07-30	6673130	39019.287	43023	169201	974.143	800
2021-07-31	6709345	39110.572	36215	170068	944.573	867
2021-08-01	6743555	39278.859	34210	170988	949.571	920
2021-08-02	6777721	39330.857	34166	171859	945.713	871
2021-08-03	6810425	39511.144	32704	172864	966.288	1005
2021-08-04	6855606	39019.287	45181	174000	984.144	1136
2021-08-05	6903415	39043.997	47809	174904	929.002	904
2021-08-06	6945410	38897.143	41995	175925	960.571	1021
2021-08-07	6981729	38912.002	36319	176706	948.289	781
2021-08-08	7015790	38890.716	34061	177421	919.003	715
2021-08-09	7048967	38749.427	33177	178233	910.571	812
2021-08-10	7083470	39006.424	34503	178861	856.715	628
2021-08-11	7118075	37495.569	34605	179979	854.142	1118
2021-08-12	7164415	37285.714	46340	181123	888.43	1144
2021-08-13	7204894	37069.143	40479	182225	900	1102
2021-08-14	7238775	36720.856	33881	182935	889.859	710
2021-08-15	7268041	36035.855	29266	183653	890.288	718
2021-08-16	7297073	35443.716	29032	184430	885.287	777
2021-08-17	7329350	35125.716	32277	185490	947.002	1060
2021-08-18	7373304	36461.288	43954	186511	933.141	1021
2021-08-19	7412641	35460.86	39337	187267	877.716	756
2021-08-20	7449788	34984.853	37147	187968	820.433	701
2021-08-21	7481020	34606.429	31232	188598	809.003	630
2021-08-22	7508813	34396.002	27793	189246	799.003	648
2021-08-23	7557090	37145.287	48277	189958	789.717	712
2021-08-24	7586892	36791.713	29802	190778	755.431	820
2021-08-25	7622975	35667.284	36083	191776	752.145	998
2021-08-26	7661551	35558.57	38576	192628	765.854	852
2021-08-27	7695565	35111.001	34014	193392	774.856	764
2021-08-28	7724841	34831.571	29276	194154	793.713	762
2021-08-29	7746238	33917.858	21397	194830	797.714	676
2021-08-30	7767690	30085.712	21452	195499	791.57	669
2021-08-31	7790398	29072.286	22708	196278	785.714	779
2021-09-01	7821191	28316.576	30793	196917	734.427	639
2021-09-02	7849642	26870.142	28451	197763	733.572	846
2021-09-03	7875757	25741.715	26115	198379	712.428	616
2021-09-04	7897042	24600.144	21285	198893	677.003	514
2021-09-05	7915236	24142.572	18194	199268	633.998	375
2021-09-06	7932059	23457.715	16836	199806	615.286	538
2021-09-07	7951070	22955.001	19011	200420	591.715	614
2021-09-08	7974692	21930.571	23622	200928	573.003	508
2021-09-09	7996444	20973.575	21752	201492	532.715	564
2021-09-10	8016318	20082.002	19874	202109	532.856	617
2021-09-11	8031803	19253.427	15485	202496	514.714	387
2021-09-12	8044904	18525.858	13101	202879	515.858	383
2021-09-13	8057278	17888.429	12374	203316	501.429	437
2021-09-14	8082457	18769.571	25179	203924	500.573	608
2021-09-15	8099772	17868.568	17315	204361	490.432	437
2021-09-16	8121151	17815.288	21379	204942	492.856	581
2021-09-17	8137179	17265.855	16028	205386	468.143	444
2021-09-18	8148673	16695.712	11494	205772	467.999	386
2021-09-19	8158091	16169.572	9418	206021	448.855	249
2021-09-20	8169020	15963.143	10929	206338	431.716	317
2021-09-21	8180500	14006.144	11480	206744	402.857	406
2021-09-22	8196521	13821.289	16021	207223	408.857	479
2021-09-23	8235599	16349.713	39078	207688	392.282	465
2021-09-24	8247662	15783.286	12063	208240	407.714	552
2021-09-25	8257464	15557.576	9925	208528	393.714	288
2021-09-26	8263485	15073.858	6021	208761	391.43	233
2021-09-27	8272374	14782.428	8889	209210	410.289	449
2021-09-28	8281149	14396.004	8775	209598	407.716	388
2021-09-29	8297171	14396.141	16022	209931	386.859	333
2021-09-30	8310766	10755.712	13595	210407	388.429	476
2021-10-01	8328110	11510.142	17344	211599	479.856	1192
2021-10-02	8334471	11000.999	6361	211809	468.718	210
2021-10-03	8339926	10920.145	5455	212046	469.288	237
2021-10-04	8344865	10355.856	4939	212249	434.144	203
2021-10-05	8353865	10388.005	9000	212575	425.289	326
2021-10-06	8366240	9867	12375	212886	422.14	311
2021-10-07	8374303	9076.717	8063	213212	400.714	326
2021-10-08	8380411	7471.57	6108	213531	275.998	319
2021-10-09	8385203	7247.427	4792	213708	271.285	177
2021-10-10	8389905	7139.857	4702	213936	270.002	228
2021-10-11	8395221	7193.713	5316	214140	270.145	204
2021-10-12	8400837	6710.284	5616	214402	261.002	262
2021-10-13	8410525	6326.425	9688	214667	254.432	265
2021-10-14	8416891	6083.999	6366	214854	234.574	187
2021-10-15	8422910	6071.288	6019	215086	222.144	232
2021-10-16	8427576	6053.284	4666	215315	229.575	229
2021-10-17	8431559	5950.571	3983	215509	224.719	194
2021-10-18	8438361	6162.856	6802	215669	218.429	160
2021-10-19	8444415	6225.429	6054	215909	215.286	240
2021-10-20	8449001	5496.568	4586	216154	212.43	245
2021-10-21	8454701	5401.428	5700	216403	221.289	249
2021-10-22	8459349	5205.577	4648	216589	214.716	186
2021-10-23	8463364	5112.572	4015	216784	209.859	195
2021-10-24	8466661	5014.572	3297	216936	203.858	152
2021-10-25	8473362	5000.141	6701	217122	207.573	186
2021-10-26	8478405	4855.713	5043	217339	204.288	217
2021-10-27	8486014	5287.573	7609	217621	209.573	282
2021-10-28	8491909	5315.429	5895	217820	202.43	199
2021-10-29	8496820	5353	4911	217987	199.718	167
2021-10-30	8500461	5299.573	3641	218109	189.285	122
2021-10-31	8504545	5411.999	4084	218244	186.859	135
2021-11-01	8509222	5122.856	4677	218395	181.858	151
2021-11-02	8514072	5095.284	4850	218579	177.144	184
2021-11-03	8519667	4807.572	5595	218770	164.144	191
2021-11-04	8524668	4679.86	5001	218965	163.573	195
2021-11-05	8535478	5522.571	10810	219201	173.432	236
2021-11-06	8539886	5632.143	4408	219364	179.288	163
2021-11-07	8543840	5613.569	3954	219506	180.289	142
2021-11-08	8549210	5712.574	5370	219651	179.433	145
2021-11-09	8554952	5840.001	5742	219821	177.432	170
2021-11-10	8563938	6324.433	8986	220044	182.002	223
2021-11-11	8569820	6450.285	5882	220233	181.144	189
2021-11-12	8574716	5605.43	4896	220403	171.142	171
2021-11-13	8578831	5563.575	4115	220534	167.283	131
2021-11-14	8581810	5424.288	2979	220616	158.712	82
2021-11-15	8587426	5459.428	5616	220824	167.713	208
2021-11-16	8592797	5406.429	5371	221016	170.86	192
2021-11-17	8597714	4825.144	4917	221173	161.432	157
2021-11-18	8602751	4704.432	5037	221347	159.289	174
2021-11-19	8607576	4694.289	4825	221477	153.433	130
2021-11-20	8611580	4678.43	4004	221603	152.719	126
2021-11-21	8615829	4859.859	4249	221732	159.432	129
2021-11-22	8620072	4663.709	4243	221869	149.287	137
2021-11-23	8643714	4072.144	5056	222058	147.716	196
2021-11-24	8649552	4750.286	5838	222225	151.287	167
2021-11-25	8655429	4870.285	5877	222487	163.859	262
2021-11-26	8661159	4999.572	5730	222608	162.575	121
2021-11-27	8666718	5221.715	5559	222729	161.862	121
2021-11-28	8672291	5410.861	5573	222801	153.718	72
2021-11-29	8678979	5760.145	6688	223025	166.148	224
2021-11-30	8687160	6206.574	8181	223168	158.573	143
2021-12-01	8700445	7270.429	13285	223365	162.86	197
2021-12-02	8716384	8707.859	15939	223517	147.15	152
2021-12-03	8738020	10980.147	21636	223666	151.146	149
2021-12-04	8758450	13104.571	20430	223764	147.86	98
2021-12-05	8772984	14384.716	14534	223846	149.289	82
2021-12-06	8790144	15880.715	17160	224047	146	201
2021-12-07	8810294	17590.572	20150	224175	143.857	128
2021-12-08	8844026	20511.572	33732	224335	138.572	160
2021-12-09	8876483	22871.285	32457	224472	136.427	137
2021-12-10	8903566	22732.995	27097	224591	132.144	119
2021-12-11	8936550	25444.853	32984	224745	140.142	154
2021-12-12	8981929	29851.283	45379	224855	144.146	110
2021-12-13	8999010	29839.999	17081	224964	131	109
2021-12-14	9037990	32530.001	38980	225163	141.142	199
2021-12-15	9084992	34425.717	47002	225322	141	159
2021-12-16	9129305	36119.428	44313	225467	142.141	145
2021-12-17	9170875	38187.002	41570	225603	144.571	136
2021-12-18	9199068	37502.576	28193	225742	142.427	139
2021-12-19	9228154	35175.003	29086	225835	140.001	93
2021-12-20	9262623	37659.004	34469	226130	166.568	295
2021-12-21	9298137	36595.143	35545	226302	162.716	172
2021-12-22	9349033	37549.853	50937	226532	172.857	230
2021-12-23	9404988	39210.002	55955	226724	179.575	192
2021-12-24	9454267	40325.003	49308	226914	187.29	190
2021-12-25	9495352	42165.712	41085	227083	191.574	169
2021-12-26	9518959	41389.717	23634	227230	199.288	147
2021-12-27	9551528	41276.282	32569	227479	192.716	249
2021-12-28	9594158	42085.138	42630	227675	196.147	196
2021-12-29	9643095	41794.283	48937	227911	197.003	236
2021-12-30	9703618	42448	60523	228212	212.574	301
2021-12-31	9756168	43132.572	52550	228453	219.86	241
2022-01-01	9796727	43057.429	40559	228636	221.859	183
2022-01-02	9819764	42972.142	23037	228786	222.289	150
2022-01-03	9847278	42249.998	27514	229039	222.863	253
2022-01-04	9905369	44458.714	58091	229437	251.717	398
2022-01-05	9960605	45358.57	55236	229724	258.999	287
2022-01-06	10018246	44946.857	57641	230504	177.287	229
2022-01-07	10066706	44362.571	48460	230847	263.285	343
2022-01-08	10109085	44622.567	42379	231161	282.003	314
2022-01-09	10137782	45431.145	28697	231420	297.574	259
2022-01-10	10169415	46019.57	31633	231722	304.573	303
2022-01-11	10207882	43216.14	38467	232049	294.573	327
2022-01-12	10247765	41022.857	39883	232487	316.143	438
2022-01-13	10294367	39445.857	46602	232831	332.573	344
2022-01-14	10334659	38279.002	40292	233147	328.715	316
2022-01-15	10371635	37507.142	36976	233529	338.43	382
2022-01-16	10389053	35895.86	17418	233782	337.571	253
2022-01-17	10419253	35691.143	30200	234187	352.142	405
2022-01-18	10446204	34046	26951	234504	350.713	317
2022-01-19	10481433	33381.141	35229	234734	321.001	230
2022-01-20	10530788	33774.43	49355	235246	345.001	512
2022-01-21	10568210	33364.431	37422	235596	349.859	350
2022-01-22	10609278	33949.001	41068	235972	349.004	376
2022-01-23	10625760	33815.286	16482	236253	353.005	281
2022-01-24	10652684	33347.286	26924	236949	394.575	696
2022-01-25	10708754	37507.143	56070	236981	235.858	260
2022-01-26	10742258	37260.715	33504	237309	400.432	328
2022-01-27	10779762	35567.718	37504	237698	382.856	389
2022-01-28	10808318	34301.142	28556	238026	379.717	328
2022-01-29	10841290	33144.567	32972	238418	382.001	392
2022-01-30	10857676	33130.856	16386	238671	378	253
2022-01-31	10887086	33485.998	29410	238995	324.86	324
2022-02-01	10914089	29333.571	27003	239430	349.859	435
2022-02-02	10933736	27353.999	19647	239838	361.29	408
2022-02-03	10965601	26548.428	31865	240275	368.144	437
2022-02-04	10983164	24978	17563	240437	344.43	162
2022-02-05	11005599	23472.712	22435	240946	361.144	509
2022-02-06	11022188	23501.715	16589	241167	356.57	221
2022-02-07	11037508	21488.859	15320	241633	376.861	466
2022-02-08	11054861	20110.288	17353	242210	397.144	577
2022-02-09	11076290	20364.861	21429	242767	418.43	557
2022-02-10	11097324	18817.574	21034	243187	416.003	420
2022-02-11	11115635	18924.429	18311	243533	442.29	346
2022-02-12	11129544	17706.43	13909	243938	427.432	405
2022-02-13	11141080	16984.576	11536	244051	412.001	113
2022-02-14	11154945	16776.718	13865	244506	410.429	455
2022-02-15	11168844	16283.285	13899	244825	373.573	319
2022-02-16	11186971	15811.574	18127	245144	339.573	319
2022-02-17	11204559	15319.285	17588	245771	369.143	627
2022-02-18	11221310	15096.431	16751	246297	394.856	526
2022-02-19	11230679	14447.856	9369	246726	398.287	429
2022-02-20	11245929	14978.424	15250	246949	413.999	223
2022-02-21	11257150	14600.713	11221	247333	403.856	384
2022-02-22	11270149	14472.139	12999	247535	387.143	202
2022-02-23	11283739	13823.999	13590	247800	379.431	265
2022-02-24	11296078	13074.141	12339	247977	315.147	177
2022-02-25	11308176	12409.428	12098	248196	271.29	219
2022-02-26	11316925	12320.856	8749	248354	232.575	158
2022-02-27	11325440	11358.716	8515	248541	227.434	187
2022-02-28	11333186	10862.287	7746	248823	212.861	282
2022-03-01	11340541	10056.005	7355	248899	194.861	76
2022-03-02	11347277	9076.858	6736	249023	174.717	124
2022-03-03	11353380	8186.005	6103	249150	167.575	127
2022-03-04	11360242	7438.002	6862	249224	146.86	74
2022-03-05	11367320	7199.286	7078	249324	138.572	100
2022-03-06	11370744	6471.999	3424	249370	118.431	46
2022-03-07	11374626	5920.002	3882	250466	234.714	1096
2022-03-08	11390548	7143.857	15922	250539	234.286	73
2022-03-09	11395732	6922.142	5184	250636	230.431	97
2022-03-10	11412768	8484.002	17036	250750	228.572	114
2022-03-11	11418170	8275.431	5402	250810	226.574	60
2022-03-12	11428965	8806.434	10795	250839	216.431	29
2022-03-13	11431460	8673.718	2495	250887	216.717	48
2022-03-14	11433679	8436.571	2222	250927	65.86	40
2022-03-15	11436622	6582.429	2943	250946	58.146	19
2022-03-16	11440634	6415.003	4012	251002	52.286	56
2022-03-17	11443136	4338.718	2502	251092	48.859	90
2022-03-18	11456639	5496.002	13503	251142	47.428	50
2022-03-19	11458634	4238.858	1995	251168	47.001	26
2022-03-20	11460017	4080	1383	251180	41.86	12
2022-03-21	11467302	4803.285	7285	251291	52.002	111
2022-03-22	11473169	5220.997	5867	251402	65.145	111
2022-03-23	11475504	4981.424	2335	251450	64.002	48
2022-03-24	11490082	6706.571	14578	251499	58.145	73
2022-03-25	11492653	5144.861	2571	251520	57.431	21
2022-03-26	11494578	5134.86	1925	251553	58.431	33
2022-03-27	11496061	5149.142	1483	251565	58.43	12
2022-03-28	11501709	4915.285	5648	251636	52.718	71
2022-03-29	11505957	4684	4248	251812	62.003	176
2022-03-30	11556141	11519.573	50184	251927	71.573	115
2022-03-31	11558935	9836.14	2794	251953	64.858	26
2022-04-01	11559547	9556.286	612	251961	63.001	8
2022-04-02	11559975	9342.428	428	251972	59.858	11
2022-04-03	11564147	9726.57	4172	251991	60.858	19
2022-04-04	11569101	9627.429	4954	252058	60.286	67
2022-04-05	11577980	10289	8879	252196	54.858	138
2022-04-06	11580512	3481.572	2532	252202	39.287	6
2022-04-07	11582523	3369.714	2011	252211	36.857	9
2022-04-08	11584668	3588.712	2145	252223	37.43	12
2022-04-09	11586138	3737.571	1470	252242	38.572	19
2022-04-10	11587278	3304.425	1140	252248	36.715	6
2022-04-11	11591379	3199.999	4229	252322	37.716	74
2022-04-12	11594663	2401.57	3284	252431	33.574	109
2022-04-13	11597069	2366.859	2436	252452	35.717	21
2022-04-14	11603368	3000.427	6299	252468	36.717	16
2022-04-15	11605641	3018.714	2273	252476	36.146	8
2022-04-16	11607125	3020.713	1484	252483	34.43	7
2022-04-17	11608191	3010.144	1066	252489	34.431	6
2022-04-18	11609252	2557.573	1061	252528	29.429	39
2022-04-19	11615890	3036.715	6638	252660	32.715	132
2022-04-20	11621109	3434.29	5219	252681	32.716	21
2022-04-21	11626590	3317.43	5481	252752	40.573	71
2022-04-22	11631753	3730.285	5163	252766	41.431	14
2022-04-23	11636223	4156.858	4470	252781	42.575	15
2022-04-24	11639602	4487.286	3379	252790	43.004	9
2022-04-25	11643055	4829.002	3453	252823	42.146	33
2022-04-26	11649517	4803.86	6462	252859	28.432	36
2022-04-27	11656249	5020.004	6732	252864	26.146	5
2022-04-28	11661254	4952.003	5005	252872	17.146	8
2022-04-29	11666900	5021.001	5646	252878	16.002	6
2022-04-30	11672799	5225.144	5899	252881	14.288	3
2022-05-01	11677974	5481.715	5175	252881	13.001	0
2022-05-02	11682837	5683.141	4863	252890	9.717	10
2022-05-03	11687065	5364.001	4228	252897	5.573	7
2022-05-04	11695715	5637.997	8650	252981	16.859	84
2022-05-05	11706055	6400.145	10340	253047	25.144	66
2022-05-06	11715837	6991.001	9782	253086	29.858	39
2022-05-07	11724976	7453.859	9139	253104	32.001	18
2022-05-08	11730852	7554.001	5876	253117	33.859	13
2022-05-09	11734940	7443.286	4088	253163	39.001	46
2022-05-10	11745573	8358.285	10633	253242	49.286	79
2022-05-11	11756622	8701.003	11049	253293	44.574	51
2022-05-12	11767388	8761.858	10766	253315	38.289	22
2022-05-13	11776465	8661.143	9077	253431	49.289	116
2022-05-14	11785527	8650.143	9062	253440	48.003	9
2022-05-15	11790124	8467.428	4597	253443	46.574	3
2022-05-16	11794638	8528.285	4514	253488	46.431	45
2022-05-17	11801283	7871.431	6645	253535	38.86	47
2022-05-18	11811267	7677.855	9984	253649	47.858	114
2022-05-19	11813146	6139.286	1879	253652	37.573	3
2022-05-20	11827675	6785.432	14529	253703	28.287	51
2022-05-21	11833303	6196.002	5628	253719	29.288	16
